-- ============================================================
-- 요가 구인구직 더미 데이터 INSERT SQL
-- Supabase Dashboard → SQL Editor 에서 실행
-- (Service Role 권한으로 실행 → RLS bypass)
-- ============================================================

-- ============================================================
-- 1. 더미 유저 profiles (auth.users 없이 삽입)
--    실제 운영 중인 것처럼 보이게 하기 위한 가상 계정
-- ============================================================
INSERT INTO profiles (id, email, role) VALUES
  ('11111111-0000-0000-0000-000000000001', 'seoulsunrise.yoga@gmail.com',   'user'),
  ('11111111-0000-0000-0000-000000000002', 'namyangju.pilates@naver.com',   'user'),
  ('11111111-0000-0000-0000-000000000003', 'busan.ocean.yoga@gmail.com',    'user'),
  ('11111111-0000-0000-0000-000000000004', 'daegu.hatha.center@naver.com',  'user'),
  ('11111111-0000-0000-0000-000000000005', 'jeju.breath.yoga@gmail.com',    'user'),
  ('11111111-0000-0000-0000-000000000006', 'incheon.flow.studio@naver.com', 'user'),
  ('11111111-0000-0000-0000-000000000007', 'mapo.vinyasa@gmail.com',        'user'),
  ('11111111-0000-0000-0000-000000000008', 'gangnam.elite.yoga@naver.com',  'user'),
  ('11111111-0000-0000-0000-000000000009', 'suwon.wellness@gmail.com',      'user'),
  ('11111111-0000-0000-0000-000000000010', 'jeonju.yin.studio@naver.com',   'user')
ON CONFLICT (id) DO NOTHING;


-- ============================================================
-- 2. 구인 공고 10개
-- ============================================================
INSERT INTO job (title, location, yoga_style, experience, salary, description, user_id, status, expires_at) VALUES

(
  '강남 프리미엄 요가원 하타요가 강사 모집',
  '서울 강남구',
  '하타요가',
  '3년 이상',
  '월 280만원~350만원',
  E'안녕하세요, 강남 도산공원 인근에 위치한 \'선라이즈요가\'입니다.\n\n저희 센터는 2015년 개원 이후 회원 500명 이상을 보유한 강남 지역 대표 요가원으로, 쾌적한 수련 환경과 체계적인 수업 커리큘럼으로 회원들의 높은 만족도를 자랑합니다.\n\n【모집 직무】\n하타요가 정규 강사 1명\n\n【근무 조건】\n- 근무 형태: 정규직 (수습 3개월)\n- 근무 시간: 주 5일, 오전 6시~오후 2시 또는 오후 2시~오후 10시 (선택 가능)\n- 급여: 월 280만원~350만원 (경력에 따라 협의)\n- 인센티브: 회원 추천 및 수강생 목표 달성 시 별도 인센티브 지급\n\n【지원 자격】\n- 요가 강사 자격증 보유자 (RYT 200 이상 우대)\n- 하타요가 그룹 수업 경력 3년 이상\n- 성실하고 책임감 있는 분\n\n【복리후생】\n- 4대 보험 가입\n- 센터 수업 무료 수강\n- 교육비 지원 (워크숍, 자격증 취득)\n- 주차 가능\n\n함께 성장할 열정 있는 강사님을 기다립니다!',
  '11111111-0000-0000-0000-000000000001',
  'active',
  NOW() + INTERVAL '25 days'
),

(
  '부산 해운대 빈야사 & 아쉬탕가 강사 구인',
  '부산 해운대구',
  '빈야사',
  '2년 이상',
  '월 240만원~300만원',
  E'부산 해운대 바다가 보이는 뷰를 가진 \'오션브레스요가\'에서 함께 할 강사님을 모십니다.\n\n【모집 인원】\n빈야사 / 아쉬탕가 강사 1~2명\n\n【근무 조건】\n- 근무 형태: 정규직 또는 파트타임 (협의 가능)\n- 급여: 정규직 월 240만원~300만원 / 파트타임 회당 4만원~5만원\n- 근무지: 부산 해운대구 우동 (해운대역 도보 5분)\n\n【지원 자격】\n- 빈야사 또는 아쉬탕가 요가 강사 자격 보유\n- 경력 2년 이상 (신입도 자격증 우수자는 면접 후 채용 가능)\n- 밝고 에너지 넘치는 분 환영\n\n【혜택】\n- 해운대 바다 전망 수련실 이용\n- 탄력 근무제 운영\n- 워크숍 참가 지원\n\n이력서 및 자격증 사본을 이메일로 보내주세요.',
  '11111111-0000-0000-0000-000000000003',
  'active',
  NOW() + INTERVAL '20 days'
),

(
  '대구 수성구 필라테스·요가 복합센터 강사 채용',
  '대구 수성구',
  '하타요가',
  '1년 이상',
  '월 220만원~260만원',
  E'대구 수성구 범어동에 위치한 \'하모니 웰니스\' 에서 요가 강사를 모집합니다.\n\n저희 센터는 필라테스와 요가를 함께 운영하는 복합 웰니스 스튜디오입니다. 현재 회원 350여 명이 등록되어 있으며, 안정적인 수업 환경에서 근무하실 수 있습니다.\n\n【모집 포지션】\n- 하타요가 강사 1명 (정규직)\n\n【근무 조건】\n- 주 5일 근무 (토/일 중 1일 선택 휴무)\n- 급여: 경력 1~2년 220만원 / 3년 이상 260만원\n- 4대 보험, 퇴직금 보장\n\n【우대 사항】\n- YTT 200시간 이상 수료\n- 임산부 요가, 시니어 요가 가능자\n- 대구 거주자\n\n따뜻한 팀 분위기 속에서 함께 성장하실 강사님을 모십니다.',
  '11111111-0000-0000-0000-000000000004',
  'active',
  NOW() + INTERVAL '28 days'
),

(
  '제주도 게스트하우스 요가 강사 (숙식 제공)',
  '제주 서귀포시',
  '명상요가',
  '무관',
  '월 180만원 + 숙식 제공',
  E'제주 서귀포 올레길 근처에 위치한 \'제주브레스 리트릿\'에서 상주 요가 강사를 모집합니다.\n\n【특이사항】\n- 숙소 및 식사 제공 (개인실)\n- 제주의 자연 속에서 요가 지도를 원하시는 분께 최적의 환경\n\n【주요 업무】\n- 아침 명상요가 클래스 진행 (주 5회, 오전 7시~8시)\n- 저녁 릴렉스 스트레칭 진행 (주 3회, 오후 7시~8시)\n- 개인 레슨 및 리트릿 프로그램 보조\n\n【지원 자격】\n- 요가 강사 자격증 보유자\n- 경력 무관 (열정과 성실함 우선)\n- 제주 거주 또는 이주 의향 있는 분\n\n【급여 및 혜택】\n- 월 180만원 + 숙식 완전 제공\n- 시즌 성수기 보너스 지급\n- 제주 섬 생활 지원\n\n자연 속에서 요가를 가르치는 특별한 경험을 원하신다면 지원해주세요!',
  '11111111-0000-0000-0000-000000000005',
  'active',
  NOW() + INTERVAL '15 days'
),

(
  '인천 연수구 린요가 전문 강사 모집 (파트타임 가능)',
  '인천 연수구',
  '린요가',
  '2년 이상',
  '회당 4만5천원~5만5천원',
  E'인천 송도국제도시 내 \'플로우요가스튜디오\'에서 린요가(Yin Yoga) 전문 강사님을 찾습니다.\n\n송도는 외국인 거주자가 많아 영어 수업도 병행 가능하신 분이라면 더욱 우대합니다.\n\n【모집 형태】\n파트타임 / 프리랜서 강사\n\n【수업 구성】\n- 린요가 클래스 (주 3~5회)\n- 소규모 그룹 레슨 (5~8명)\n- 개인 프라이빗 레슨 (선택)\n\n【지원 자격】\n- 린요가 또는 음요가 전문 자격 보유\n- 2년 이상 그룹 수업 경험\n- 영어 기초 회화 가능자 우대\n\n【급여】\n- 그룹 수업: 회당 45,000원~55,000원\n- 프라이빗 레슨: 회당 80,000원~100,000원\n\n안정적이고 자유로운 환경에서 수업하고 싶은 분을 환영합니다.',
  '11111111-0000-0000-0000-000000000006',
  'active',
  NOW() + INTERVAL '22 days'
),

(
  '마포구 홈 스튜디오 임산부 요가 전문 강사',
  '서울 마포구',
  '임산부요가',
  '3년 이상',
  '월 260만원~320만원',
  E'서울 마포구 홍대입구역 인근 소규모 프리미엄 스튜디오에서 임산부 전문 요가 강사를 모십니다.\n\n저희 \'마마요가\'는 임산부 및 산후 회복 프로그램에 특화된 전문 요가원으로, 5년째 운영 중입니다.\n\n【모집 직무】\n- 임산부 요가 전담 강사 1명 (정규직)\n\n【주요 업무】\n- 임산부 그룹 요가 수업 (주 10~12회)\n- 산전·산후 개인 레슨\n- 출산 준비 워크숍 진행\n\n【필수 자격】\n- 임산부 요가 전문 자격증 보유 (RPYT 또는 동등 수준)\n- 요가 강사 경력 3년 이상\n- 임산부 대상 수업 경험 필수\n\n【우대 사항】\n- 간호사, 조산사 면허 보유자\n- 필라테스 자격 병행 보유자\n\n회원들의 소중한 순간을 함께할 따뜻하고 전문적인 강사님을 모십니다.',
  '11111111-0000-0000-0000-000000000007',
  'active',
  NOW() + INTERVAL '30 days'
),

(
  '강남 프리미엄 스튜디오 아이엥가 요가 강사',
  '서울 강남구',
  '아이엥가요가',
  '5년 이상',
  '월 330만원~400만원',
  E'강남 청담동 \'엘리트요가클럽\'에서 아이엥가(Iyengar) 요가 전문 강사를 채용합니다.\n\n【센터 소개】\n2018년 개원, 청담동 위치, 프리미엄 회원제 운영\n최고급 요가 용품 및 프롭스 완비, 세계 유수 강사 워크숍 정기 개최\n\n【모집 내용】\n- 아이엥가 요가 전문 강사 1명\n- 정규직 (연봉제)\n- 연봉 3,960만원~4,800만원\n\n【필수 요건】\n- Iyengar Yoga 공인 인증서 보유 (Introductory II 이상)\n- 아이엥가 요가 교육 경력 5년 이상\n- 정확한 얼라인먼트 교정 능력\n\n【복리후생】\n- 연봉제 (성과급 별도)\n- 국내외 아이엥가 워크숍 전액 지원\n- 월 1회 마사지 서비스 제공\n- 최신 요가 용품 지급\n\n최상의 환경에서 최고의 수업을 원하시는 전문 강사님을 모십니다.',
  '11111111-0000-0000-0000-000000000008',
  'active',
  NOW() + INTERVAL '18 days'
),

(
  '수원 영통구 커뮤니티 요가 & 명상 강사 구인',
  '경기 수원시',
  '명상요가',
  '1년 이상',
  '월 200만원~240만원',
  E'수원 영통구 광교 신도시에 위치한 \'웰니스커뮤니티센터\'에서 요가 및 명상 강사님을 모십니다.\n\n【기관 소개】\n비영리 지역 커뮤니티 센터로, 지역 주민의 건강 증진을 목표로 합니다.\n평균 수업 인원 10~15명, 다양한 연령층 대상 수업 진행.\n\n【모집 내용】\n- 요가 & 명상 강사 1명\n- 주 4일 근무 (월화목금)\n- 오전 수업 중심 (오전 9시~오후 1시)\n\n【수업 구성】\n- 초급 하타요가 (주 2회)\n- 시니어 요가 (주 2회)\n- 명상·호흡법 클래스 (주 1회)\n\n【지원 자격】\n- 요가 강사 자격증 보유\n- 다양한 연령대와 소통 능력이 뛰어난 분\n- 명상, 호흡법에 관심 있는 분\n\n지역 주민과 함께 건강을 가꾸는 보람 있는 일을 원하신다면 지원해주세요.',
  '11111111-0000-0000-0000-000000000009',
  'active',
  NOW() + INTERVAL '12 days'
),

(
  '전주 한옥마을 근처 요가 스튜디오 강사 모집',
  '전북 전주시',
  '하타요가',
  '2년 이상',
  '월 210만원~250만원',
  E'전주 한옥마을 인근에 자리한 \'느린숨요가\'에서 함께할 강사님을 찾습니다.\n\n【스튜디오 소개】\n전주의 고즈넉한 분위기 속에 자리한 소규모 프리미엄 요가원.\n목재 바닥과 한옥 감성의 인테리어로 회원들에게 특별한 수련 경험을 제공합니다.\n\n【모집 정보】\n- 포지션: 하타요가 & 빈야사 강사 1명\n- 근무 형태: 정규직\n- 급여: 월 210만원~250만원 (경력 반영)\n\n【선호 사항】\n- 전주 또는 전북 지역 거주자 우대\n- 자연스럽고 친근한 수업 스타일\n- 아로마, 명상 등 부가 프로그램 가능자 우대\n\n【근무 환경】\n- 소규모 그룹 수업 (최대 8명)\n- 고급 요가 매트 및 용품 완비\n- 주차 공간 넉넉\n\n슬로우 라이프를 즐기며 요가를 가르치고 싶으신 분, 전주에서 함께해요.',
  '11111111-0000-0000-0000-000000000010',
  'active',
  NOW() + INTERVAL '27 days'
),

(
  '남양주 다산신도시 키즈요가 전문 강사',
  '경기 남양주시',
  '키즈요가',
  '1년 이상',
  '월 230만원~270만원',
  E'경기 남양주 다산신도시 \'레인보우 키즈요가\'에서 어린이 전문 요가 강사를 채용합니다.\n\n【센터 소개】\n만 3세~13세 어린이 대상 전문 요가 교육 기관.\n놀이 중심의 창의적인 요가 수업으로 학부모 만족도 최상위.\n\n【모집 직무】\n- 키즈요가 전담 강사 1명 (정규직)\n\n【근무 조건】\n- 주 5일 (월~금)\n- 오후 1시~8시 (학원 시간대)\n- 토요일 오전 특별 클래스 (격주, 추가 수당 지급)\n\n【지원 자격】\n- 키즈요가 자격증 보유자 우대\n- 어린이 교육 경험 1년 이상\n- 밝고 긍정적이며 에너지 넘치는 분\n- 책임감 강하고 세심한 분\n\n【복리후생】\n- 4대 보험 완비\n- 성과 인센티브\n- 명절 상여금\n- 교육비 지원 (키즈요가 관련 자격증 취득 지원)\n\n아이들의 성장을 함께하는 보람 있는 직업을 원하신다면 지금 지원하세요!',
  '11111111-0000-0000-0000-000000000002',
  'active',
  NOW() + INTERVAL '24 days'
);


-- ============================================================
-- 3. 강사 이력서 10개
-- ============================================================
INSERT INTO candidate (name, location, yoga_styles, experience_years, certifications, introduction, photo_url, user_id, status, expires_at) VALUES

(
  '김지수',
  '서울 마포구',
  '하타요가, 빈야사, 임산부요가',
  '7년',
  'RYT 500 (Yoga Alliance), 임산부 요가 전문 자격 (RPYT), 어린이 요가 지도사 2급',
  E'안녕하세요, 하타요가·빈야사·임산부요가 전문 강사 김지수입니다.\n\n7년간 마포구 루나요가스튜디오에서 정규 수업(주 8회)과 임산부 특별 클래스(주 3회)를 담당해 왔습니다. 요가를 통해 몸과 마음의 균형을 찾는 경험이 얼마나 소중한지 직접 느꼈기에, 수업에서도 그 가치를 전달하려 노력합니다.\n\n특히 임산부 요가에 깊은 전문성을 갖고 있으며, 예비 엄마들이 건강하고 행복한 임신 기간을 보낼 수 있도록 세심하게 돕습니다. 활기차고 따뜻한 수업 분위기를 만드는 데 자신 있습니다.',
  null,
  null,
  'active',
  NOW() + INTERVAL '22 days'
),

(
  '박민준',
  '서울 강남구',
  '아쉬탕가, 빈야사, 아이엥가요가',
  '5년',
  'RYT 200 (Yoga Alliance), 아이엥가 요가 Introductory I 인증, 스포츠 재활 트레이너 자격',
  E'아쉬탕가·빈야사·아이엥가 요가 강사 박민준입니다.\n\n강남 파워요가클럽에서 5년간 그룹 수업(주 6회)을 담당하며 선수 재활 특화 요가 프로그램을 개발·운영해 왔습니다. 운동선수 출신(수영)으로 신체 구조와 움직임에 대한 깊은 이해를 바탕으로 정확하고 안전한 얼라인먼트 교정을 가르칩니다.\n\n부상 예방과 재활을 위한 요가 프로그램에 특별한 관심을 갖고 있으며, 국내 아이엥가 워크숍 조교 경험도 다수 보유하고 있습니다.',
  null,
  null,
  'active',
  NOW() + INTERVAL '20 days'
),

(
  '이서연',
  '부산 해운대구',
  '빈야사, 하타요가, 명상요가',
  '3년',
  'RYT 200, 명상 지도사 1급, CPR / 응급처치 수료',
  E'빈야사·명상요가 강사 이서연입니다.\n\n해운대 선셋요가에서 빈야사 저녁 클래스(주 5회)와 새벽 명상·호흡 클래스(주 2회)를 진행하고 있습니다. 부산 요가 페스티벌에도 2023, 2024년 연속 강사로 참여했습니다.\n\n밝고 에너지 넘치는 수업 스타일로 다양한 연령층과 잘 교감하며, 영어 기초 회화가 가능해 외국인 수강생 응대도 문제없습니다. 부산 지역에서 장기적으로 활동하고 싶습니다.',
  null,
  null,
  'active',
  NOW() + INTERVAL '18 days'
),

(
  '최은정',
  '서울 서초구',
  '음요가, 하타요가, 명상',
  '7년',
  'RYT 500, Yin Yoga Teacher Training 50시간 수료 (Sarah Powers 계열), 명상 지도사, 아로마테라피 2급',
  E'음요가(린요가)·명상 전문 강사 최은정입니다.\n\n서초 고요한숨에서 음요가·명상 특화 수업(주 8회)과 분기별 당일 리트릿 프로그램을 기획·진행하고 있습니다. 온라인 명상 클래스도 운영 중이며(구독자 1,200명), 국내 Yin Yoga 워크숍 강사로도 연 3~4회 활동하고 있습니다.\n\n10년 수련과 7년 강사 경험을 바탕으로 음요가와 명상을 결합한 내면 탐구 수업에 자신 있습니다. 번아웃을 겪은 현대인들이 요가를 통해 회복하는 모습을 볼 때 가장 큰 보람을 느낍니다.',
  null,
  null,
  'active',
  NOW() + INTERVAL '25 days'
),

(
  '정다은',
  '경기 성남시',
  '키즈요가, 하타요가, 플로우요가',
  '4년',
  'RYT 200, 키즈요가 지도사 1급, 어린이 심리상담사 3급',
  E'키즈요가 전문 강사 정다은입니다.\n\n분당 키즈브레스에서 유아(4~7세)·초등(8~13세) 분반 수업(주 10회)을 담당하고 있으며, 방학 특별 요가 캠프도 기획·운영해 왔습니다. 성남시 문화원 어린이 요가 프로그램 출강 경험도 있습니다.\n\n아이들과의 소통 능력이 뛰어나며, 놀이와 요가를 접목한 창의적인 수업으로 아이들이 즐겁게 수련할 수 있는 환경을 만듭니다. 학부모 상담 경험도 풍부합니다.',
  null,
  null,
  'active',
  NOW() + INTERVAL '16 days'
),

(
  '윤재호',
  '서울 용산구',
  '파워요가, 핫요가, 빈야사',
  '4년',
  'RYT 200, 핫요가 (비크람 계열) 수료, 개인 트레이닝(PT) 자격',
  E'파워요가·핫요가 강사 윤재호입니다.\n\n이태원 핫플로우스튜디오에서 핫요가 클래스(37°C, 주 6회)와 파워요가 새벽 클래스(주 3회)를 담당하고 있습니다. 남성 특화 요가 프로그램 개발 경험도 있습니다.\n\n유연성보다 근력과 코어 강화에 집중하는 수업 스타일이 특기이며, 운동을 좋아하는 남성들이 요가를 처음 시작할 때 느끼는 심리적 장벽을 낮추는 데 강점이 있습니다.',
  null,
  null,
  'active',
  NOW() + INTERVAL '14 days'
),

(
  '강미래',
  '전북 전주시',
  '하타요가, 아이엥가요가, 시니어요가',
  '5년',
  'RYT 500, 시니어 요가 지도사 (노인스포츠지도사 2급 병행), 척추 교정 요가 전문 과정 수료',
  E'시니어요가 전문 강사 강미래입니다.\n\n전주 느린숨요가에서 시니어 요가(주 4회)와 척추 건강 특화 요가(주 2회)를 진행 중이며, 전북 노인복지관 4곳을 순환 출강하고 있습니다.\n\n어르신들과 함께하는 수업에서 큰 보람을 느끼며, 신체적 한계가 있는 분들도 안전하게 수련할 수 있도록 섬세하게 보조합니다. 전주·완주 지역 정규직 전환을 희망합니다.',
  null,
  null,
  'active',
  NOW() + INTERVAL '21 days'
),

(
  '조현우',
  '서울 강북구',
  '명상요가, 하타요가',
  '6년',
  'RYT 200, 명상 지도사 1급, 불교 명상 수련 과정 수료 (템플스테이 강사 자격)',
  E'명상요가 전문 강사 조현우입니다.\n\n강북구 선禪요가명상원에서 명상·요가 통합 프로그램(주 6회)을 진행하고 있으며, 기업 임직원 대상 마음 챙김(Mindfulness) 출장 강의를 월 2~3회 진행하고 있습니다. 명상 앱 음성 가이드 콘텐츠 제작에도 참여했습니다(20편 녹음).\n\n5년간의 명상 수련으로 깊어진 내면의 평화를 요가와 결합해 가르칩니다. 잔잔하고 따뜻한 에너지로 수업을 이끌며, 스트레스가 많은 직장인들을 위한 마음 챙김 프로그램을 잘 진행합니다.',
  null,
  null,
  'active',
  NOW() + INTERVAL '19 days'
),

(
  '한소희',
  '인천 연수구',
  '빈야사, 린요가, 플라이요가',
  '3년',
  'RYT 300, 에어리얼 요가 (플라이요가) 지도사 자격',
  E'플라이요가·빈야사 강사 한소희입니다.\n\n송도 에어플로우스튜디오에서 플라이요가·빈야사 수업(주 8회)과 외국인 대상 영어 요가 클래스(주 2회)를 담당하고 있습니다. 인천 요가 협회 세미나 강사로도 참여한 경험이 있습니다.\n\n에어리얼 요가 전문 강사로서 공중 동작의 안전한 수행을 위한 신체 감각 교육에 자신 있으며, 영어 수업 경험(TOEIC 885점)을 바탕으로 국제 환경에서도 원활히 수업할 수 있습니다.',
  null,
  null,
  'active',
  NOW() + INTERVAL '23 days'
),

(
  '오승아',
  '대구 수성구',
  '하타요가, 빈야사, 태교요가',
  '2년',
  'RYT 200, 임산부 & 태교 요가 자격증, 생활체육지도사 2급 (요가)',
  E'하타요가·태교요가 강사 오승아입니다.\n\n대구 수성구 수성요가피트니스에서 하타·빈야사 정규 수업(주 7회)과 임산부 특별반(주 2회)을 담당하고 있습니다. 달서구 문화원 요가 프로그램 출강 경험도 있습니다.\n\n대구 토박이로 지역 사회에 뿌리를 두고 강사 활동을 이어가고 있으며, 밝고 친근한 성격으로 처음 요가를 접하는 초보 회원들도 편안하게 수업에 참여할 수 있도록 돕습니다. 안정적인 장기 근무를 희망합니다.',
  null,
  null,
  'active',
  NOW() + INTERVAL '17 days'
);


-- ============================================================
-- 4. 매물 정보 10개 (임대/매매/양도 혼합)
-- ============================================================
INSERT INTO property (title, property_type, location, area, price, description, contact, user_id, status) VALUES

(
  '강남 청담동 프리미엄 요가 스튜디오 양도',
  '양도',
  '서울 강남구 청담동',
  '165㎡ (약 50평)',
  '권리금 8,500만원',
  E'청담동 핵심 상권 내 운영 중인 프리미엄 요가 스튜디오 양도합니다.\n\n【현황】\n- 운영 기간: 4년 6개월\n- 현재 등록 회원: 약 180명 (활성 회원 120명)\n- 월 평균 매출: 약 1,200만원\n- 월세: 380만원 (보증금 5,000만원)\n\n【시설】\n- 메인 수련실: 45평 (수용 인원 20명)\n- 샤워실 및 탈의실 (남녀 분리)\n- 원장실 겸 상담실\n- 소품 창고 (요가 매트 50개, 블록, 스트랩 등 완비)\n\n【양도 포함 내역】\n- 기존 회원 명단 및 CRM 시스템\n- 요가 기구 및 인테리어 일체\n- SNS 계정 및 네이버 플레이스 (리뷰 230개)\n- 직원 2명 고용 승계 가능\n\n청담동 유동인구가 풍부하며 주변 아파트 단지 수요가 탄탄합니다. 건강한 이유로 양도하며 성실히 인수인계해 드립니다.',
  '010-9876-5432',
  '11111111-0000-0000-0000-000000000008',
  'active'
),

(
  '홍대 합정역 요가 스튜디오 임대 (인테리어 완료)',
  '임대',
  '서울 마포구 합정동',
  '99㎡ (약 30평)',
  '보증금 3,000만원 / 월세 220만원',
  E'합정역 2번 출구 도보 3분, 요가 스튜디오로 최적화된 공간을 임대합니다.\n\n【위치 장점】\n- 합정역 초역세권 (2·6호선 환승역)\n- 주변 20~40대 유동인구 풍부\n- 근처 카페, 식당 밀집 상권\n\n【공간 특징】\n- 전용 30평 단독 층 (3층 엘리베이터 있음)\n- 요가 스튜디오용 탄성 바닥재 시공 완료\n- 방음 시공 완료 (음악 재생 가능)\n- 대형 거울 3면 설치\n- 에어컨 3대, 공기청정기 2대 기본 설치\n- 화장실 및 간이 샤워시설 있음\n\n【조건】\n- 보증금: 3,000만원\n- 월세: 220만원 (부가세 별도)\n- 계약 기간: 2년 이상\n- 입주 가능일: 즉시 가능\n\n요가, 필라테스, 댄스, 피트니스 등 모든 운동 스튜디오 업종 환영합니다.',
  '010-7654-3210',
  '11111111-0000-0000-0000-000000000007',
  'active'
),

(
  '부산 광안리 오션뷰 요가 공간 임대',
  '임대',
  '부산 수영구 광안동',
  '82㎡ (약 25평)',
  '보증금 2,000만원 / 월세 160만원',
  E'광안리 해수욕장 바로 앞, 바다가 한눈에 보이는 요가 공간을 임대합니다.\n\n【하이라이트】\n✔ 광안대교 & 광안리 해변 오션뷰\n✔ 4층 전면 유리창으로 채광 최고\n✔ 노을 지는 시간대 수업 최적\n\n【공간 구성】\n- 수련실: 25평 오픈 공간\n- 미니 탈의 공간 및 샤워실\n- 테라스 (약 5평) — 야외 수련 가능\n\n【조건】\n- 보증금: 2,000만원 / 월세: 160만원\n- 관리비 별도 (약 15만원)\n- 현재 공실 상태, 즉시 입주 가능\n\n광안리 특유의 여유로운 분위기에서 리트릿, 힐링 요가 수업에 최적화된 공간입니다. 바다를 보며 수련하는 특별한 경험을 회원들에게 선사하세요.',
  '010-5555-7777',
  '11111111-0000-0000-0000-000000000003',
  'active'
),

(
  '대구 동성로 요가원 매매 (건물 포함)',
  '매매',
  '대구 중구 동성로',
  '231㎡ (약 70평)',
  '매매가 12억원',
  E'대구 최대 상권 동성로 중심부에 위치한 요가원 건물(단독)을 매매합니다.\n\n【물건 개요】\n- 소재지: 대구 중구 동성로 3가 (동성로 메인 스트리트)\n- 건물: 지상 4층 단독건물\n- 1~2층: 요가원 운영 중 (약 70평)\n- 3~4층: 거주 공간 (별도 임대 가능)\n\n【건물 상태】\n- 사용승인 연도: 2012년 (리모델링 2019년)\n- 구조: 철근콘크리트\n- 요가원 시설: 수련실 2개, 탈의실, 샤워실, 원장실\n\n【수익성】\n- 현재 직접 운영 중 (연 매출 약 1.8억원)\n- 건물 전체 임대 전환 시 예상 연 임대 수익 약 7,200만원\n\n【매매 조건】\n- 매매가: 12억원\n- 융자: 없음 (깨끗한 물건)\n- 협의: 현 운영 요가원 양도 포함 협의 가능\n\n투자 겸 실사용에 최적인 알짜 부동산입니다.',
  '010-8888-1234',
  '11111111-0000-0000-0000-000000000004',
  'active'
),

(
  '송도 국제도시 신축 스튜디오 임대',
  '임대',
  '인천 연수구 송도동',
  '116㎡ (약 35평)',
  '보증금 5,000만원 / 월세 250만원',
  E'인천 송도 G-타워 인근 신축 상가 건물 내 요가·필라테스 스튜디오 임대합니다.\n\n【건물 정보】\n- 2024년 준공 신축 건물\n- 전체 5층 중 3층 위치\n- 엘리베이터 2기 완비\n- 주차: 건물 전용 지하 2층 (50대, 무료)\n\n【공간 특성】\n- 층고 3.2m (일반 상가 대비 높음)\n- 전면 통유리 (채광 우수)\n- 바닥: 강화마루 (스튜디오 적합)\n- 에어컨, 난방 중앙 제어\n\n【임대 조건】\n- 전용 35평 단독 임대\n- 보증금 5,000만원 / 월세 250만원 (VAT 별도)\n- 옵션: 추가 10평 창고 임대 가능 (월 20만원)\n- 입주 지원금 협의 가능\n\n【주변 환경】\n- 송도 1·2·3공구 아파트 단지 밀집\n- 외국인 거주자 비율 높음 (영어 클래스 수요 있음)\n- 인천대입구역 도보 8분',
  '010-3344-5566',
  '11111111-0000-0000-0000-000000000006',
  'active'
),

(
  '제주 애월 요가 리트릿 센터 매매',
  '매매',
  '제주 제주시 애월읍',
  '330㎡ (약 100평) + 대지 660㎡',
  '매매가 18억원',
  E'제주 애월 해안도로 인근, 리트릿 전문 요가 센터 통째로 매매합니다.\n\n【물건 개요】\n- 소재지: 제주 제주시 애월읍 신엄리\n- 건물 면적: 약 100평 (2층 독채)\n- 대지: 약 200평 (정원 포함)\n- 건축연도: 2020년 (5년 미만 신축)\n\n【시설 구성】\n1층: 대형 수련실 1개 (50명 수용), 소강의실, 샤워실 4칸, 라운지\n2층: 게스트룸 6개 (2인실 기준), 강사 숙소 2개\n야외: 야외 수련 데크 (30평), 허브 정원, 주차장 (15대)\n\n【사업 현황】\n- 운영 중 (리트릿 프로그램 월 2~3회)\n- 예약률 평균 75% (성수기 100%)\n- 연 순수익 약 1.2억원\n\n【매매 사유】\n건강상의 이유로 타 지역 이주 예정. 진지한 매수자와 협의 의향 있음.\n\n제주에서 나만의 요가 리트릿 센터를 꿈꾸신다면 이 기회를 놓치지 마세요.',
  '010-7777-0000',
  '11111111-0000-0000-0000-000000000005',
  'active'
),

(
  '신촌 연세대 앞 소규모 요가 공간 임대',
  '임대',
  '서울 서대문구 창천동',
  '66㎡ (약 20평)',
  '보증금 1,500만원 / 월세 120만원',
  E'연세대 정문 근처, 합리적인 조건의 소규모 요가 공간을 임대합니다.\n\n【입지】\n- 연세대학교 정문 도보 5분\n- 신촌역 (2호선) 도보 7분\n- 대학생 및 20~30대 유동인구 우수\n\n【공간 특징】\n- 전용 20평, 깔끔한 상태\n- 거울 1면 설치 완료\n- 요가용 우드 바닥재\n- 작은 탈의 코너 및 세면대\n- 에어컨 1대 설치\n\n【적합한 업종】\n소규모 그룹 요가 (최대 10명), 개인 레슨, 명상 클래스, 온라인 수업 촬영 스튜디오\n\n【조건】\n- 보증금 1,500만원 / 월세 120만원\n- 관리비 포함\n- 24시간 이용 가능\n- 단기 임대 협의 가능 (최소 6개월)\n\n창업을 꿈꾸는 신진 요가 강사, 독립 스튜디오를 원하는 분께 추천합니다.',
  '010-2233-4455',
  '11111111-0000-0000-0000-000000000001',
  'active'
),

(
  '수원 광교 복합 피트니스 센터 요가실 분양',
  '매매',
  '경기 수원시 영통구 이의동',
  '82㎡ (약 25평, 요가실 단독)',
  '분양가 1억 8,000만원',
  E'광교 신도시 대형 복합 피트니스 센터 내 요가 전용 공간 분양합니다.\n\n【단지 개요】\n- 광교 호수공원 도보 5분\n- 복합 피트니스 센터 총 면적: 약 1,500평\n- 구성: 헬스장, 수영장, 골프 연습장, 스튜디오 8개\n- 2025년 5월 개관 예정 (현재 분양 중)\n\n【분양 공간】\n- 호실: B동 스튜디오 3호\n- 전용 면적: 25평\n- 방향: 남향 (호수공원 뷰)\n- 시설: 탄성 바닥재, 천장 스피커, 냉난방, 방음 완비\n\n【분양 조건】\n- 분양가: 1억 8,000만원\n- 계약금 10% / 잔금 90% (중도금 무이자 대출 가능)\n- 옵션: 입주 후 1년간 관리비 50% 할인\n\n【투자 포인트】\n광교 신도시 입주 완료 세대 약 6만 가구, 요가 수요 폭발적 증가 예상.',
  '010-6677-8899',
  '11111111-0000-0000-0000-000000000009',
  'active'
),

(
  '전주 효자동 요가원 양도 (운영 중, 수익 안정)',
  '양도',
  '전북 전주시 완산구 효자동',
  '132㎡ (약 40평)',
  '권리금 3,200만원',
  E'전주 효자동에서 5년째 안정적으로 운영 중인 요가원을 양도합니다.\n\n【운영 현황】\n- 개원: 2020년 3월\n- 현재 회원 수: 95명 (정기 회원 70명)\n- 월 평균 매출: 약 580만원\n- 월 임대료: 145만원 (보증금 2,000만원)\n- 월 순수익: 약 200만원 내외\n\n【공간 구성】\n- 메인 수련실: 30평 (최대 15명 수용)\n- 샤워실 및 탈의실\n- 원장실 겸 상담 공간\n\n【양도 포함 내역】\n- 기존 회원 전체 인수\n- 요가 매트 20개, 블록, 볼 등 소품 일체\n- 원장 자리 요가 강의 영상 자료\n- 간판 및 인테리어 일체\n- 네이버 스마트플레이스 계정 (리뷰 87개)\n\n【양도 사유】\n개인 사정으로 인한 타 지역 이주. 단골 회원들과의 관계가 좋아 인수하시면 바로 안정적인 운영 가능합니다.',
  '010-9988-7766',
  '11111111-0000-0000-0000-000000000010',
  'active'
),

(
  '마포 서교동 1층 상가 요가 스튜디오 임대',
  '임대',
  '서울 마포구 서교동',
  '99㎡ (약 30평)',
  '보증금 4,000만원 / 월세 195만원',
  E'홍대 서교동 카페 거리 내 1층 코너 상가, 요가 스튜디오로 활용 가능한 공간 임대합니다.\n\n【위치 및 입지】\n- 홍대입구역 도보 6분\n- 서교동 메인 카페 거리 코너 위치\n- 1층 전면 유리창 (높은 시인성)\n- 20~40대 유동인구 집중 지역\n\n【공간 상태】\n- 전 임차인: 필라테스 스튜디오 (스튜디오 용도로 최적화됨)\n- 현 상태: 기존 거울 2면 유지, 바닥 탄성재\n- 화장실: 수련실 내 전용 1개\n- 방음: 일부 시공 (추가 시공 권장)\n\n【임대 조건】\n- 보증금 4,000만원 / 월세 195만원 (관리비 포함)\n- 계약 기간: 2년 기본 (재계약 우선권 보장)\n- 인테리어 공사 가능 (건물주 협의 완료)\n- 간판 설치 가능\n\n홍대 상권의 풍부한 수요와 1층 코너 입지를 활용해 빠른 회원 모집이 가능합니다.',
  '010-1122-3344',
  '11111111-0000-0000-0000-000000000007',
  'active'
);


-- ============================================================
-- 5. 커뮤니티 게시글 15개 (자유게시판, 정보공유, 질문)
-- ============================================================
INSERT INTO community_posts (title, content, category, user_id, author_email, views) VALUES

-- 자유게시판 5개
(
  '요가 강사 4년차인데 번아웃이 왔어요 ㅠㅠ',
  E'안녕하세요. 요가 강사 4년 차인데 요즘 번아웃이 심하게 왔어요.\n\n처음엔 정말 좋아서 시작했는데, 요즘은 수업 나가기 전부터 피곤함이 느껴지더라고요. 회원들한테는 항상 밝고 에너지 넘치게 대해야 하는데, 그게 점점 힘들어져요.\n\n주당 수업이 16개 정도 되는데... 너무 많은 건지 모르겠어요. 다들 일주일에 수업 몇 개 정도 하시나요? 적정 수업 수가 어느 정도인지 선배 강사분들 의견이 궁금합니다.\n\n번아웃 극복하신 분들 있으면 어떻게 극복하셨는지도 나눠주시면 좋겠어요. 저만 이런 건지 위로도 받고 싶고요 😢',
  '자유게시판',
  '11111111-0000-0000-0000-000000000001',
  'seoulsunrise.yoga@gmail.com',
  87
),
(
  '요즘 남성 회원 비율이 확 늘었는데 다들 그런가요?',
  E'안녕하세요~ 서울 마포에서 강사 하고 있는 5년차입니다.\n\n올해부터 갑자기 남성 회원 비율이 늘어서 신기하더라고요. 예전엔 90% 이상이 여성 회원이었는데, 요즘은 30% 정도가 남성 회원이에요.\n\n운동 유튜브, 인스타그램 영향인지 남성분들이 요가 효과를 많이 알게 된 것 같더라고요. 특히 골프 치시는 40~50대 남성분들이 몸 풀기용으로 오시는 경우도 많고요.\n\n혹시 다른 지역 강사분들도 비슷한 변화 느끼시나요? 남성 회원들 대상으로 수업할 때 특별히 신경 쓰시는 부분 있으면 공유해 주세요!',
  '자유게시판',
  '11111111-0000-0000-0000-000000000007',
  'mapo.vinyasa@gmail.com',
  142
),
(
  '10년 넘게 요가 강사 하면서 느끼는 점들',
  E'안녕하세요. 강사 생활 11년차입니다. 요즘 후배 강사분들 보면서 드는 생각들을 적어볼게요.\n\n1. 처음 3년이 가장 힘들지만 가장 많이 성장해요\n재정적으로도 체력적으로도 쉽지 않은 시기인데, 이 때 포기하지 않고 버티면 정말 많이 성장합니다. 그러니 초년 강사분들 너무 힘들어하지 마세요.\n\n2. 자기 수련을 절대 놓지 마세요\n가르치다 보면 정작 자기 수련을 못 하게 되는 경우가 많아요. 매일 짧게라도 자기 매트 위에 서야 합니다.\n\n3. 전문 분야를 하나 깊게 파세요\n임산부 요가든, 아이들 요가든, 시니어 요가든 한 분야를 깊게 공부하면 차별화가 돼요.\n\n4. 돈 이야기를 부끄러워하지 마세요\n4대 보험, 적정 급여, 계약서. 이건 당연히 요구할 수 있는 권리입니다.\n\n모두 오래오래 건강하게 강사 생활 이어가시길 바랍니다!',
  '자유게시판',
  '11111111-0000-0000-0000-000000000001',
  'seoulsunrise.yoga@gmail.com',
  256
),
(
  '제주도로 이주해서 요가 강사 하시는 분 계신가요?',
  E'안녕하세요! 서울에서 7년째 요가 강사를 하고 있는데요, 제주 이주를 심각하게 고민 중이에요.\n\n제주에서 강사로 일하면 수입은 많이 줄어들까요? 서울이랑 비교했을 때 현실적인 이야기가 궁금해요.\n\n리트릿 센터나 게스트하우스 요가 같은 포지션도 있던데 그런 곳 분위기는 어떤가요?\n\n제주에서 강사 하시는 분, 또는 이주 경험 있으신 분들 현실적인 조언 부탁드립니다 🙏',
  '자유게시판',
  '11111111-0000-0000-0000-000000000005',
  'jeju.breath.yoga@gmail.com',
  198
),
(
  '요가 강사 직업병... 여러분은 어떤 부분이 안 좋아지셨어요?',
  E'요가 강사들의 직업병에 대해 솔직하게 이야기해봐요.\n\n저는 4년 강사 생활 후 왼쪽 어깨 충돌증후군이 생겼어요. 시범 동작을 너무 많이 하다 보니... 지금은 침도 맞고 물리치료도 받으면서 관리 중이에요.\n\n주변 강사 선생님들 보면 발목, 무릎, 허리 문제가 있는 분들이 많더라고요.\n\n다들 몸 관리 어떻게 하시나요? 특별히 챙기시는 영양제나 운동, 치료가 있으면 공유해주세요!',
  '자유게시판',
  '11111111-0000-0000-0000-000000000003',
  'busan.ocean.yoga@gmail.com',
  173
),

-- 정보공유 5개
(
  'RYT 200 vs RYT 500, 어떤 자격증부터 준비할까요? (정보 공유)',
  E'안녕하세요. 요가 자격증 준비하시는 분들을 위해 RYT 200과 RYT 500의 차이를 정리해볼게요.\n\n【RYT 200 (200시간 과정)】\n- 요가 강사로 활동하기 위한 기본 자격\n- 수련 시간: 최소 200시간 (보통 1~3개월 집중 과정 또는 주말 병행 6개월)\n- 비용: 국내 기관 기준 150만원~300만원\n- 취업 가능 여부: 대부분의 요가원에서 인정\n- Yoga Alliance 국제 등록 가능\n\n【RYT 500 (500시간 과정)】\n- RYT 200 취득 후 추가 300시간 이수\n- 더 심층적인 해부학, 철학, 교수법 포함\n- 전문 워크숍 강사, 강사 양성 코스 진행 가능\n- 비용: 추가 200만원~400만원\n\n【추천】\n처음이라면 → RYT 200 먼저 취득 후 실무 경험 1~2년 → RYT 500 도전\n\n국내에서도 Yoga Alliance 인증 기관이 많이 늘었으니 꼭 공인 기관에서 취득하세요!',
  '정보공유',
  '11111111-0000-0000-0000-000000000008',
  'gangnam.elite.yoga@naver.com',
  312
),
(
  '강사 계약서 작성 시 꼭 확인해야 할 항목들 (현직 강사 공유)',
  E'요가원 취직 시 계약서 관련 주의사항 공유해요. 저도 초반에 계약서 제대로 안 읽다가 고생했던 경험이 있어서 후배들은 이런 실수 없으셨으면 해서요.\n\n【반드시 확인할 항목】\n\n1. 급여 형태\n- 고정 월급제인지, 강습료 %인지, 혼합제인지 명확히\n- 최저임금 이상인지 확인 (2025년 기준 시간당 10,030원)\n\n2. 4대 보험\n- 고용보험, 국민연금, 건강보험, 산재보험 4개 모두 가입 여부\n- 프리랜서 계약이라고 해도 주 15시간 이상 근무 시 가입 의무\n\n3. 경업금지 조항\n- 퇴사 후 동일 상권 내 개원 금지 기간이 얼마인지\n- 과도한 경업금지 조항은 무효가 될 수 있음\n\n4. 수업 보조 및 준비 시간\n- 수업 준비, 청소, 행정 업무가 근무 시간에 포함되는지\n\n5. 개인 레슨 수익 배분\n- 개인 레슨비의 강사 몫이 몇 %인지\n\n계약서는 반드시 사인 전 꼼꼼히 읽고, 이해 안 되는 조항은 설명 요청하세요!',
  '정보공유',
  '11111111-0000-0000-0000-000000000006',
  'incheon.flow.studio@naver.com',
  428
),
(
  '2025 국내 요가 자격증 기관 비교 정리 (한국요가협회 vs 국제)',
  E'요가 자격증 기관별 특징을 정리해봤어요. 제 경험과 주변 강사분들 의견을 종합한 거라 참고용으로만 활용해 주세요.\n\n【국내 주요 기관】\n\n1. 한국요가협회\n- 국내 인지도 높음\n- 자격 검정 체계 있음\n- 주로 하타요가 기반\n\n2. 대한요가회\n- 생활체육 요가 강조\n- 노인/시니어 요가 교육 강점\n\n3. 기타 민간 자격증\n- 국내 사설 기관 운영 (품질 편차 있음)\n- 인지도가 낮을 수 있으므로 취업 전 미리 확인 필요\n\n【국제 자격증 (Yoga Alliance)】\n- RYT 200/500: 전 세계 통용, 국내에서도 점점 선호도 높아짐\n- 국내 인증 기관(RYTTC) 통해 취득 가능\n- 비용은 상대적으로 높지만 해외 취업, 리트릿 프로그램 강사에 필수\n\n【결론】\n국내 취업 중심 → 국내 협회 자격증으로 시작\n장기적 커리어, 해외 활동 고려 → Yoga Alliance RYT 추가 취득 권장',
  '정보공유',
  '11111111-0000-0000-0000-000000000004',
  'daegu.hatha.center@naver.com',
  267
),
(
  '요가원 창업 비용 현실적으로 얼마나 드나요? (10평~30평 기준)',
  E'창업을 고려하시는 분들을 위해 현실적인 초기 비용을 정리해봤어요. 지인들 창업 사례를 종합한 거라 지역, 규모에 따라 차이가 있을 수 있어요.\n\n【10~15평 소규모 (홈 스튜디오형)】\n- 보증금: 1,000만~2,000만원\n- 인테리어 & 시공: 500만~1,000만원\n- 요가 용품 초기 구비: 100만~200만원\n- 운영 자금 (3개월치): 500만~700만원\n▶ 총계: 약 2,100만~3,900만원\n\n【20~30평 일반 스튜디오】\n- 보증금: 2,000만~5,000만원\n- 인테리어 & 시공: 1,500만~3,000만원\n- 요가 용품 초기 구비: 200만~400만원\n- 운영 자금 (3개월치): 700만~1,200만원\n▶ 총계: 약 4,400만~9,600만원\n\n【추가 고려 사항】\n- 간판 & 홍보물: 50만~150만원\n- 예약 시스템 소프트웨어: 월 5만~15만원\n- 사업자등록 & 세무: 초기 30만~50만원\n- 예비 운영 자금 (비상금): 최소 500만원\n\n창업은 최소 3개월 버틸 여유 자금을 꼭 확보하고 시작하세요!',
  '정보공유',
  '11111111-0000-0000-0000-000000000002',
  'namyangju.pilates@naver.com',
  531
),
(
  'SNS로 요가원 홍보하는 현실적인 방법들 (실전 경험담)',
  E'SNS 마케팅으로 회원 수를 3배 늘린 경험을 공유할게요. 작은 스튜디오를 운영 중인데 SNS 전략을 바꾸고 나서 확실히 달라졌어요.\n\n【인스타그램】\n- 릴스가 제일 효과적이에요. 수업 하이라이트, 30초~1분짜리 동작 영상\n- 해시태그는 대형 태그(#요가, #yoga)보다 지역 태그(#강남요가, #강남구요가원)가 실제 문의로 이어짐\n- 매일 올릴 필요 없음. 주 3회 질 높은 게시물이 매일 올리는 것보다 나음\n\n【네이버 플레이스】\n- 요가원 창업하면 제일 먼저 해야 할 것\n- 리뷰 관리가 제일 중요. 회원들에게 체험 후 리뷰 부탁하는 것도 방법\n- 사진은 밝고 깔끔하게 (스마트폰으로도 충분)\n\n【카카오채널】\n- 기존 회원 재등록률 높이는 데 효과적\n- 공지, 이벤트 안내, 만료 알림용으로 활용\n\n【가장 중요한 것】\n결국 입소문이 최고예요. 회원 한 명 한 명을 진심으로 대하는 게 장기적으로 가장 강력한 마케팅입니다.',
  '정보공유',
  '11111111-0000-0000-0000-000000000009',
  'suwon.wellness@gmail.com',
  389
),

-- 질문 5개
(
  '임산부 요가 수업, 몇 주 이후 수강 가능하게 하시나요?',
  E'안녕하세요! 임산부 요가 클래스를 새로 개설하려고 준비 중인데요.\n\n수강 가능 시기에 대해 여쭤보고 싶어요. 제가 다니던 센터에서는 임신 12주 이후부터 받았는데, 다른 기관들은 어떻게 운영하고 계신지 궁금해요.\n\n또, 임산부 회원 등록 시 의사 소견서나 동의서 같은 서류를 받으시나요? 법적으로 필수 사항인지, 아니면 센터 자율인지도 잘 모르겠어서요.\n\n임산부 클래스 운영 경험 있으신 강사분들 조언 부탁드립니다! 🙏',
  '질문',
  '11111111-0000-0000-0000-000000000007',
  'mapo.vinyasa@gmail.com',
  94
),
(
  '요가원 예약 프로그램 추천 받아요~ (월 5만원 이하)',
  E'안녕하세요~ 작은 요가원 운영 중인데 수기로 예약 관리하다가 이제 예약 프로그램 도입하려고요.\n\n월 5만원 이하로 쓸 수 있는 괜찮은 예약 관리 프로그램 있으면 추천해 주세요!\n\n필요한 기능:\n- 수업 시간표 표시\n- 회원 예약/취소\n- 카카오톡 또는 SMS 자동 알림\n- 회원권 관리 (10회권, 1개월권 등)\n- 출석 체크\n\n현재 쓰고 계신 프로그램 장단점도 솔직하게 알려주시면 너무 감사하겠습니다!',
  '질문',
  '11111111-0000-0000-0000-000000000010',
  'jeonju.yin.studio@naver.com',
  167
),
(
  '키즈요가 수업 중 부상 사고 발생하면 어떻게 대처하셨나요?',
  E'키즈요가 강사로 활동 중인데, 혹시 모를 안전사고가 항상 걱정이에요.\n\n실제로 수업 중 아이가 다친 경험 있으신 분들 어떻게 대처하셨는지 여쭤봐도 될까요?\n\n보험은 영업배상책임보험 들면 되는 건가요? 다른 보험도 필요한지, 보험 관련해서도 어떻게 하고 계신지 궁금해요.\n\n그리고 수업 시작 전에 아이들에게 안전 교육을 어떤 식으로 하시나요? 어린 아이들이라 말로 해도 잘 이해를 못 할 때가 있어서요.\n\n선배 강사님들 노하우 나눠주시면 감사하겠습니다!',
  '질문',
  '11111111-0000-0000-0000-000000000002',
  'namyangju.pilates@naver.com',
  88
),
(
  '프리랜서 요가 강사 세금 신고 어떻게 하세요?',
  E'안녕하세요. 요가원에서 프리랜서로 강의하고 있는 3년차 강사입니다.\n\n매년 5월에 종합소득세 신고를 하는데요, 솔직히 세금 관련 지식이 너무 없어서요 😅\n\n1. 세금계산서/현금영수증 없이 강의료만 받는 경우 어떻게 신고하나요?\n2. 원천징수 3.3% 떼고 받는 것과 안 떼고 받는 것 중 어떤 게 더 유리한가요?\n3. 요가 워크숍 참가비, 매트 구입비 등을 경비로 처리할 수 있나요?\n4. 홈택스에서 직접 하는 게 가능한가요, 세무사를 쓰는 게 낫나요?\n\n같은 상황이신 분들 어떻게 하고 계신지 궁금해요!',
  '질문',
  '11111111-0000-0000-0000-000000000005',
  'jeju.breath.yoga@gmail.com',
  203
),
(
  '요가 강사 시작하려는데 어떤 스타일부터 배우는 게 좋을까요?',
  E'안녕하세요! 직장인으로 3년째 요가를 취미로 하다가 강사 자격증에 도전해 보고 싶어서요.\n\n그런데 요가 종류가 너무 많아서 어디서 시작해야 할지 모르겠어요. 하타, 빈야사, 린요가, 아쉬탕가... 첫 자격증으로 어떤 걸 추천하시나요?\n\n현재 상황:\n- 요가 경험 3년 (그룹 수업 위주)\n- 비교적 유연한 편, 힘은 약간 부족\n- 목표: 2년 안에 부업으로 요가 레슨 시작\n- 주말에만 시간이 있어서 주말 집중 과정 생각 중\n\n선배 강사분들의 진심 어린 조언 부탁드려요! 자격증 취득에 얼마나 걸리셨는지, 비용은 어느 정도인지도 알고 싶어요.',
  '질문',
  '11111111-0000-0000-0000-000000000009',
  'suwon.wellness@gmail.com',
  321
);
